{
  "_comment": "Direct-RL MATH accuracy points for the 1B / 50B-stage1 series. x = pre-training tokens (billions), y = MATH accuracy (%). Provided manually because eval result files for the olmo2_1b_step*_omi_n* runs are missing on disk.",
  "1": [
    [2.4053261846194642, 3.250912441730206],
    [6.3787541794936, 4.291638058757634],
    [10.0194429305799, 3.9189824016189063],
    [20.26056472875639, 7.0899432659993495],
    [27.888379903079937, 6.8622845372746],
    [43.60136100514059, 8.950511328731977]
  ],
  "8": [
    [2.1623826404236066, 7.0615392922711395],
    [5.941917206805002, 9.151247345116815],
    [9.83135818216876, 8.829961481694806],
    [19.89380163450557, 13.373861550091796],
    [28.20886667358835, 15.40957197883293],
    [43.62869135729224, 19.238003527844775]
  ],
  "32": [
    [1.784503195990757, 8.676409487508355],
    [5.8726705278636375, 12.654226204454721],
    [10.051315907931459, 11.11241577397619],
    [20.109233862497376, 17.320302762071645],
    [28.123968430213367, 20.405278465234748],
    [44.07961468055097, 26.357100276387808]
  ]
}
