{
  "_comment": "Direct-RL GSM8K accuracy points for the 1B / 50B-stage1 series. x = pre-training tokens (billions), y = GSM8K accuracy (%). Provided manually to patch the gsm direct-RL line.",
  "1": [
    [2.401136667956081, 3.831958618761359],
    [4.249858660398131, 15.592059275828323],
    [6.402981521706788, 19.862994547742208],
    [10.373136548933259, 29.767929540053125],
    [12.240158300354093, 35.60324339437998],
    [14.30937007171125, 38.34055640989794],
    [20.266611122682775, 47.394100377464],
    [28.127473443032702, 51.8663497833077],
    [44.168328026899154, 54.758842443729904]
  ],
  "8": [
    [2.21157312822978, 10.721831607956753],
    [3.791160918158875, 25.26445959792248],
    [6.140938589111886, 34.159629721230964],
    [10.196941473380603, 49.08808253542027],
    [11.929756038937628, 53.004275165176836],
    [13.976685494531907, 57.53383033600678],
    [19.893943035692825, 63.938805073667105],
    [28.106447542362698, 69.43645549941702],
    [44.13351760605696, 72.05101932657315]
  ],
  "32": [
    [2.433166993405811, 19.416693407494563],
    [4.283104615932989, 35.502549292259424],
    [6.273391552307967, 45.92933290548009],
    [10.232578862947781, 61.48465076478768],
    [12.178310461593298, 63.585410204299926],
    [14.022901443592943, 68.86511926409241],
    [19.970147923721264, 72.7999429529005],
    [27.957137765104257, 78.72428423717332],
    [43.66734984851185, 80.57688879381038]
  ]
}
